<?xml version="1.0" encoding="UTF-8" standalone="yes"?>
	<addon id="plugin.video.salemmax.phimmedia" version="2017.07.29" name="Phim.Media" provider-name="V137">
		<requires>
			<import addon="xbmc.python" version="2.1.0" />
			<import addon="script.module.beautifulsoup4" version="4.3.2" />
			<import addon="script.module.pil" version="1.1.7" />
			<import addon="script.module.requests" version="2.6.0" />
			<import addon="script.module.six" version="1.0.0" />
		</requires>
		<extension point="xbmc.python.pluginsource" library="default.py">
			<provides></provides>
		</extension>
		<extension point="xbmc.addon.metadata">
			<summary>Phim.Media</summary>
			<description>Phim.Media (Vietnamese)</description>
			<platform>all</platform>
		</extension>
	</addon>