<?xml version="1.0" encoding="UTF-8" standalone="yes"?>
	<addon id="plugin.video.v137.phimlt"  version="9999999.4" name="PhimLT.com" provider-name="V137">
		<requires>
			<import addon="xbmc.python" version="2.1.0" />
			<import addon="script.module.v137" />
		</requires>
		<extension point="xbmc.python.pluginsource" library="default.py">
			<provides></provides>
		</extension>
		<extension point="xbmc.addon.metadata">
			<summary>PhimLT.com</summary>
			<description>PhimLT.com (Vietnamese)</description>
			<platform>all</platform>
		</extension>
	</addon>