<?xml version="1.0" encoding="UTF-8" standalone="yes"?>
<addon 
	id="repository.gshare" 
	version="1.0.0" 
	name="***[COLOR blue][B]Gshare Repository[/B][/COLOR]***" 
	provider-name="Salemmax">
	<requires>
		<import addon="xbmc.addon" version="12.0.0"/>
	</requires>
	<extension point="xbmc.addon.repository"
		name="[COLOR blue][B]Salemmax Repository[/B][/COLOR]">
		<info compressed="true">https://raw.githubusercontent.com/gshareshop/gsharemedia/master/addons.xml</info>
		<checksum>https://raw.githubusercontent.com/gshareshop/gsharemedia/master/addons.xml.md5</checksum>
		<datadir zip="true">https://raw.githubusercontent.com/gshareshop/gsharemedia/master/gshare</datadir>
	</extension>
	<extension point="xbmc.addon.metadata">
		<summary lang="en">Install addon from Salemmax's repository</summary>
		<description lang="en">[COLOR red][B]Salemmax[/COLOR]-[COLOR blue]Repository tập hợp các addon và repository giải trí online trên XBMC - Kodi[/B][/COLOR]</description>
		<disclaimer lang="en">Mọi nội dung được lấy từ Internet vì vậy chúng tôi không chịu trách nhiệm về chất lượng cũng như sự ổn định</disclaimer>
		<email>maingocnhi2015@gmail.com</email>
		<platform>all</platform>
	</extension>
</addon>