<?xml version="1.0" encoding="UTF-8" standalone="yes"?>
	<addon id="plugin.video.v137.phimhayplus" version="9999999.3" name="PhimHayPlus" provider-name="V137">
		<requires>
			<import addon="xbmc.python" version="2.1.0" />
			<import addon="script.module.beautifulsoup4" version="4.3.2" />
			<import addon="script.module.html5lib" version="0.999.0" />
			<import addon="script.module.pil" version="1.1.7" />
			<import addon="script.module.requests" version="2.6.0" />
			<import addon="script.module.resolveurl" version="1.0.0" />
			<import addon="script.module.urlresolver" version="1.0.0" />
			<import addon="script.module.v137" version="1.0" />
		</requires>
		<extension point="xbmc.python.pluginsource" library="default.py">
			<provides></provides>
		</extension>
		<extension point="xbmc.addon.metadata">
			<summary>PhimHayPlus</summary>
			<description>PhimHayPlus (Vietnamese)</description>
			<platform>all</platform>
		</extension>
	</addon>