<?xml version="1.0" encoding="UTF-8" standalone="yes"?>
<addon
  id="plugin.video.salemmax.search.youtube"
  version="1.1.2"
  name="[COLOR yellow]Search Youtube[/COLOR]"
  provider-name="salemmax">
  <requires>
    <import addon="xbmc.python" version="2.1.0"/>
    <import addon="script.module.xbmcswift2" version="0.0.7" />
    <import addon="plugin.video.youtube" version="4.4.1" />
    <import addon="script.module.requests" version="1.0" />
    <import addon="service.kodi4vn.maintenance" version="0.1" />
    <import addon="script.module.httplib2" version="0.1" />
  </requires>
  <extension point="xbmc.python.pluginsource" library="default.py">
     <provides></provides>
  </extension>	 
  <extension point="xbmc.addon.metadata">
    <summary>VietTV24.com</summary>
    <description>Watch hundreds of Vietnamesse and English channels from viettv24.com</description>
    <platform>all</platform>
  </extension>
</addon>