<?xml version="1.0" encoding="UTF-8" standalone="yes"?>
<addon
  id="plugin.video.salemmax.hien"
  version="1.0.0"
  name="***[COLOR cyan]Trung tam giai tri[/COLOR]***"
  provider-name="[COLOR cyan]Salemmax And Hieu hientv[/COLOR]">
  <requires>
    <import addon="xbmc.python" version="2.1.0"/>
    <import addon="script.module.kodiswift" version="0.0.7" />
    <import addon="script.module.gshare" version="0.0.7" />
    <import addon="plugin.video.youtube" version="4.4.1" />
    <import addon="script.module.httplib2" version="0.1" />
    <import addon="service.salemmax.iptvproxy" version="0.1" />
    <import addon="service.salemmax.maintenance" version="0.1" />
  </requires>
  <extension point="xbmc.python.pluginsource" library="default.py">
        <provides></provides>
  </extension>
  </extension>
  <extension point="xbmc.addon.metadata">
    <summary>Gshare Media Tổng hợp các addon hay dành cho người Việt</summary>
    <description>[COLOR cyan][B]Addons Gshare Media mở vì cộng đồng Kodi việt.Điều quan trọng nhất là bạn và mình làm mọi thứ với niềm đam mê và luôn duy trì niềm đam mê ấy đến cuối cùng.[/B][/COLOR]</description>
    <platform>all</platform>
  </extension>
</addon>