<?xml version="1.0" encoding="UTF-8" standalone="yes"?>
<addon id="plugin.video.salemmax.xxx" name="[COLOR red]Salemmax Phim Sex Tỗng Hộp[/COLOR]" version="1.1.1" provider-name="[COLOR lime]Salemmax[/COLOR]">
    <requires>
    </requires>
    <extension point="xbmc.python.pluginsource"
               library="default.py">
        <provides></provides>
    </extension>
    <extension point="xbmc.addon.metadata">
        <summary>[COLOR red]XXX[/COLOR] Porn videos</summary>
        <description>[COLOR red]
Internet [COLOR red]XXX Porn Video[COLOR white] Streams.
    
[COLOR red][B]WARNING:[/B] 
[COLOR red]Only for adults[/COLOR]	

[COLOR white]Github:
https://github.com/chikhang/lamkhang/raw/master/zips/

Email:
maingocnhi2015@gmail.com[/COLOR]	

		[/COLOR]</description>
		<disclaimer>
		</disclaimer>	
		<platform>all</platform>
		<license>http://www.gnu.org/licenses/</license>
		<forum></forum>
		<website></website>    
		<email></email>
		<mainsource>https://github.com/chikhang/lamkhang/raw/master/zips/</mainsource>    
		<source></source> 		
    </extension>
</addon>
